<?xml version="1.0" encoding="utf-8"?>
<!--/13232217/1130953/2.50/12/0/Display/-->
<quadcept_library>
  <setting unit="mil" />
  <textstyle name="Default" height="47.244094488189" strokewidth="7.8740157480315" charwidth="47.244094488189" />
  <textstyle name="Dimension" height="19.6850393700787" strokewidth="0" charwidth="19.6850393700787" />
  <textstyle name="H127W0635TH00762" height="50" strokewidth="3" charwidth="25" />
  <textstyle name="H15W15TH02" height="59.0551181102362" strokewidth="7.8740157480315" charwidth="59.0551181102362" />
  <padstyle name="c110_h70" surface="False" plated="True" isvia="False" nopaste="True" nomask="True" complex="False" holesize="27.55905511811">
    <padshape layer="TOP" shape="round" width="43.307086614173" height="43.307086614173" />
    <padshape layer="TOP_SOLDER_MASK" shape="round" width="51.181102362204" height="51.181102362204" />
    <padshape layer="INNER" shape="round" width="43.307086614173" height="43.307086614173" />
    <padshape layer="BOTTOM" shape="round" width="43.307086614173" height="43.307086614173" />
    <padshape layer="BOTTOM_SOLDER_MASK" shape="round" width="51.181102362204" height="51.181102362204" />
  </padstyle>
  <padstyle name="s110_h70" surface="False" plated="True" isvia="False" nopaste="True" nomask="True" complex="False" holesize="27.55905511811">
    <padshape layer="TOP" shape="square" width="43.307086614173" height="43.307086614173" />
    <padshape layer="TOP_SOLDER_MASK" shape="square" width="51.181102362204" height="51.181102362204" />
    <padshape layer="INNER" shape="round" width="43.307086614173" height="43.307086614173" />
    <padshape layer="BOTTOM" shape="square" width="43.307086614173" height="43.307086614173" />
    <padshape layer="BOTTOM_SOLDER_MASK" shape="square" width="51.181102362204" height="51.181102362204" />
  </padstyle>
  <footprint name="DIPS1524W50P254L5030H825Q12N" originx="0" originy="0" pickpointx="0" pickpointy="0">
    <pcbpin number="1" name="1" style="s110_h70" originx="0" originy="0" rotation="90" />
    <pcbpin number="2" name="2" style="c110_h70" originx="0" originy="-99.999999999999" rotation="90" />
    <pcbpin number="3" name="3" style="c110_h70" originx="0" originy="-200" rotation="90" />
    <pcbpin number="4" name="4" style="c110_h70" originx="0" originy="-300" rotation="90" />
    <pcbpin number="5" name="5" style="c110_h70" originx="0" originy="-400" rotation="90" />
    <pcbpin number="6" name="6" style="c110_h70" originx="0" originy="-499.99999999999" rotation="90" />
    <pcbpin number="7" name="7" style="c110_h70" originx="599.99999999999" originy="-499.99999999999" rotation="90" />
    <pcbpin number="8" name="8" style="c110_h70" originx="599.99999999999" originy="-400" rotation="90" />
    <pcbpin number="9" name="9" style="c110_h70" originx="599.99999999999" originy="-300" rotation="90" />
    <pcbpin number="10" name="10" style="c110_h70" originx="599.99999999999" originy="-200" rotation="90" />
    <pcbpin number="11" name="11" style="c110_h70" originx="599.99999999999" originy="-99.999999999999" rotation="90" />
    <pcbpin number="12" name="12" style="c110_h70" originx="599.99999999999" originy="0" rotation="90" />
    <line layer="TOP_PLACE_BOUND" originx="-88.779527559054" originy="754.92125984251" endx="688.77952755905" endy="754.92125984251" width="1.9685039370079" />
    <line layer="TOP_PLACE_BOUND" originx="688.77952755905" originy="754.92125984251" endx="688.77952755905" endy="-1254.9212598425" width="1.9685039370079" />
    <line layer="TOP_PLACE_BOUND" originx="688.77952755905" originy="-1254.9212598425" endx="-88.779527559054" endy="-1254.9212598425" width="1.9685039370079" />
    <line layer="TOP_PLACE_BOUND" originx="-88.779527559054" originy="-1254.9212598425" endx="-88.779527559054" endy="754.92125984251" width="1.9685039370079" />
    <line layer="TOP_ASSEMBLY" originx="-78.937007874015" originy="745.07874015747" endx="678.93700787401" endy="745.07874015747" width="3.9370078740157" />
    <line layer="TOP_ASSEMBLY" originx="678.93700787401" originy="745.07874015747" endx="678.93700787401" endy="-1245.0787401575" width="3.9370078740157" />
    <line layer="TOP_ASSEMBLY" originx="678.93700787401" originy="-1245.0787401575" endx="-78.937007874015" endy="-1245.0787401575" width="3.9370078740157" />
    <line layer="TOP_ASSEMBLY" originx="-78.937007874015" originy="-1245.0787401575" endx="-78.937007874015" endy="745.07874015747" width="3.9370078740157" />
    <line layer="TOP_ASSEMBLY" originx="-78.937007874015" originy="695.07874015747" endx="-28.937007874015" endy="745.07874015747" width="3.9370078740157" />
    <line layer="TOP_SILKSCREEN" originx="-78.937007874015" originy="-1245.0787401575" endx="678.93700787401" endy="-1245.0787401575" width="7.8740157480314" />
    <line layer="TOP_SILKSCREEN" originx="678.93700787401" originy="745.07874015747" endx="-78.937007874015" endy="745.07874015747" width="7.8740157480314" />
    <line layer="TOP_SILKSCREEN" originx="-78.937007874015" originy="745.07874015747" endx="-78.937007874015" endy="0" width="7.8740157480314" />
  </footprint>
  <symbol name="OSL40562-LR" originx="0" originy="0">
    <line originx="200" originy="100" endx="2500" endy="100" width="0" />
    <line originx="2500" originy="-600" endx="2500" endy="100" width="0" />
    <line originx="2500" originy="-600" endx="200" endy="-600" width="0" />
    <line originx="200" originy="100" endx="200" endy="-600" width="0" />
    <sympin number="1" originx="200" originy="0" rotation="180" length="100" width="7.8740157480315" flipped="False">
      <text name="pinname" originx="230" originy="0" style="Default" rotation="0" justify="left" flipped="False" hidden="False" data="ANODE_E_DIG_1234" />
      <text name="pindes" originx="140" originy="20" style="Default" rotation="0" justify="lowerright" flipped="False" hidden="False" data="1" />
    </sympin>
    <sympin number="2" originx="200" originy="-100" rotation="180" length="100" width="7.8740157480315" flipped="False">
      <text name="pinname" originx="230" originy="-100" style="Default" rotation="0" justify="left" flipped="False" hidden="False" data="ANODE_D_DIG_1234" />
      <text name="pindes" originx="140" originy="-80" style="Default" rotation="0" justify="lowerright" flipped="False" hidden="False" data="2" />
    </sympin>
    <sympin number="3" originx="200" originy="-200" rotation="180" length="100" width="7.8740157480315" flipped="False">
      <text name="pinname" originx="230" originy="-200" style="Default" rotation="0" justify="left" flipped="False" hidden="False" data="ANODE_DP_DIG_1234" />
      <text name="pindes" originx="140" originy="-180" style="Default" rotation="0" justify="lowerright" flipped="False" hidden="False" data="3" />
    </sympin>
    <sympin number="4" originx="200" originy="-300" rotation="180" length="100" width="7.8740157480315" flipped="False">
      <text name="pinname" originx="230" originy="-300" style="Default" rotation="0" justify="left" flipped="False" hidden="False" data="ANODE_C_DIG_1234" />
      <text name="pindes" originx="140" originy="-280" style="Default" rotation="0" justify="lowerright" flipped="False" hidden="False" data="4" />
    </sympin>
    <sympin number="5" originx="200" originy="-400" rotation="180" length="100" width="7.8740157480315" flipped="False">
      <text name="pinname" originx="230" originy="-400" style="Default" rotation="0" justify="left" flipped="False" hidden="False" data="ANODE_G_DIG_1234" />
      <text name="pindes" originx="140" originy="-380" style="Default" rotation="0" justify="lowerright" flipped="False" hidden="False" data="5" />
    </sympin>
    <sympin number="6" originx="200" originy="-500" rotation="180" length="100" width="7.8740157480315" flipped="False">
      <text name="pinname" originx="230" originy="-500" style="Default" rotation="0" justify="left" flipped="False" hidden="False" data="COMMON_CATHODE_DIG_4" />
      <text name="pindes" originx="140" originy="-480" style="Default" rotation="0" justify="lowerright" flipped="False" hidden="False" data="6" />
    </sympin>
    <sympin number="12" originx="2500" originy="0" rotation="0" length="100" width="7.8740157480315" flipped="False">
      <text name="pinname" originx="2470" originy="0" style="Default" rotation="0" justify="right" flipped="False" hidden="False" data="COMMON_CATHODE_DIG_1" />
      <text name="pindes" originx="2560" originy="20" style="Default" rotation="0" justify="lowerleft" flipped="False" hidden="False" data="12" />
    </sympin>
    <sympin number="11" originx="2500" originy="-100" rotation="0" length="100" width="7.8740157480315" flipped="False">
      <text name="pinname" originx="2470" originy="-100" style="Default" rotation="0" justify="right" flipped="False" hidden="False" data="ANODE_A_DIG_1234" />
      <text name="pindes" originx="2560" originy="-80" style="Default" rotation="0" justify="lowerleft" flipped="False" hidden="False" data="11" />
    </sympin>
    <sympin number="10" originx="2500" originy="-200" rotation="0" length="100" width="7.8740157480315" flipped="False">
      <text name="pinname" originx="2470" originy="-200" style="Default" rotation="0" justify="right" flipped="False" hidden="False" data="ANODE_F_DIG_1234" />
      <text name="pindes" originx="2560" originy="-180" style="Default" rotation="0" justify="lowerleft" flipped="False" hidden="False" data="10" />
    </sympin>
    <sympin number="9" originx="2500" originy="-300" rotation="0" length="100" width="7.8740157480315" flipped="False">
      <text name="pinname" originx="2470" originy="-300" style="Default" rotation="0" justify="right" flipped="False" hidden="False" data="COMMON_CATHODE_DIG_2" />
      <text name="pindes" originx="2560" originy="-280" style="Default" rotation="0" justify="lowerleft" flipped="False" hidden="False" data="9" />
    </sympin>
    <sympin number="8" originx="2500" originy="-400" rotation="0" length="100" width="7.8740157480315" flipped="False">
      <text name="pinname" originx="2470" originy="-400" style="Default" rotation="0" justify="right" flipped="False" hidden="False" data="COMMON_CATHODE_DIG_3" />
      <text name="pindes" originx="2560" originy="-380" style="Default" rotation="0" justify="lowerleft" flipped="False" hidden="False" data="8" />
    </sympin>
    <sympin number="7" originx="2500" originy="-500" rotation="0" length="100" width="7.8740157480315" flipped="False">
      <text name="pinname" originx="2470" originy="-500" style="Default" rotation="0" justify="right" flipped="False" hidden="False" data="ANODE_B_DIG_1234" />
      <text name="pindes" originx="2560" originy="-480" style="Default" rotation="0" justify="lowerleft" flipped="False" hidden="False" data="7" />
    </sympin>
  </symbol>
  <component name="OSL40562-LR" designatorprefix="DS" height="324.8031496063" footprint="DIPS1524W50P254L5030H825Q12N">
    <comppin designator="1" sympin="1" pinswap="0" gateswap="0" gate="1" group="1" side="" type="Any" name="ANODE_E_DIG_1,2,3,4" />
    <comppin designator="2" sympin="2" pinswap="0" gateswap="0" gate="1" group="1" side="" type="Any" name="ANODE_D_DIG_1,2,3,4" />
    <comppin designator="3" sympin="3" pinswap="0" gateswap="0" gate="1" group="1" side="" type="Any" name="ANODE_DP_DIG_1,2,3,4" />
    <comppin designator="4" sympin="4" pinswap="0" gateswap="0" gate="1" group="1" side="" type="Any" name="ANODE_C_DIG_1,2,3,4" />
    <comppin designator="5" sympin="5" pinswap="0" gateswap="0" gate="1" group="1" side="" type="Any" name="ANODE_G_DIG_1,2,3,4" />
    <comppin designator="6" sympin="6" pinswap="0" gateswap="0" gate="1" group="1" side="" type="Any" name="COMMON_CATHODE_DIG_4" />
    <comppin designator="7" sympin="7" pinswap="0" gateswap="0" gate="1" group="1" side="" type="Any" name="ANODE_B_DIG_1,2,3,4" />
    <comppin designator="8" sympin="8" pinswap="0" gateswap="0" gate="1" group="1" side="" type="Any" name="COMMON_CATHODE_DIG_3" />
    <comppin designator="9" sympin="9" pinswap="0" gateswap="0" gate="1" group="1" side="" type="Any" name="COMMON_CATHODE_DIG_2" />
    <comppin designator="10" sympin="10" pinswap="0" gateswap="0" gate="1" group="1" side="" type="Any" name="ANODE_F_DIG_1,2,3,4" />
    <comppin designator="11" sympin="11" pinswap="0" gateswap="0" gate="1" group="1" side="" type="Any" name="ANODE_A_DIG_1,2,3,4" />
    <comppin designator="12" sympin="12" pinswap="0" gateswap="0" gate="1" group="1" side="" type="Any" name="COMMON_CATHODE_DIG_1" />
    <attached_symbol gate="1" name="OSL40562-LR" />
    <pinmap designator="1" footprintpin="1" />
    <pinmap designator="2" footprintpin="2" />
    <pinmap designator="3" footprintpin="3" />
    <pinmap designator="4" footprintpin="4" />
    <pinmap designator="5" footprintpin="5" />
    <pinmap designator="6" footprintpin="6" />
    <pinmap designator="7" footprintpin="7" />
    <pinmap designator="8" footprintpin="8" />
    <pinmap designator="9" footprintpin="9" />
    <pinmap designator="10" footprintpin="10" />
    <pinmap designator="11" footprintpin="11" />
    <pinmap designator="12" footprintpin="12" />
    <text name="Datasheet" originx="0" originy="0" style="Default" rotation="0" justify="" flipped="False" hidden="True" data="https://akizukidenshi.com/download/OSL40562-LR.pdf" />
    <text name="Description" originx="0" originy="0" style="Default" rotation="0" justify="" flipped="False" hidden="True" data="0.56FOUR DIGIT DISPLAY, Common Cathode Type" />
    <text name="RS Part Number" originx="0" originy="0" style="Default" rotation="0" justify="" flipped="False" hidden="True" data="" />
    <text name="RS Price/Stock" originx="0" originy="0" style="Default" rotation="0" justify="" flipped="False" hidden="True" data="" />
    <text name="Manufacturer_Name" originx="0" originy="0" style="Default" rotation="0" justify="" flipped="False" hidden="True" data="OptoSupply" />
    <text name="Manufacturer_Part_Number" originx="2550" originy="200" style="Default" rotation="0" justify="left" flipped="False" hidden="False" data="OSL40562-LR" />
  </component>
</quadcept_library>
